prodcode,description,drugsubstance
3,"Aspirin 75mg dispersible tablets",Aspirin
3,"Aspirin 75mg dispersible tablets",Aspirin
3,"Aspirin 75mg dispersible tablets",Aspirin
16,"Aspirin 75mg tablets",Aspirin
16,"Aspirin 75mg tablets",Aspirin
16,"Aspirin 75mg tablets",Aspirin
34,"Aspirin 75mg gastro-resistant tablets",Aspirin
34,"Aspirin 75mg gastro-resistant tablets",Aspirin
34,"Aspirin 75mg gastro-resistant tablets",Aspirin
434,"Aspirin 300mg gastro-resistant tablets",Aspirin
434,"Aspirin 300mg gastro-resistant tablets",Aspirin
434,"Aspirin 300mg gastro-resistant tablets",Aspirin
645,"Aspirin 300mg suppositories",Aspirin
645,"Aspirin 300mg suppositories",Aspirin
645,"Aspirin 300mg suppositories",Aspirin
15364,"Aspirin 150mg suppositories",Aspirin
15364,"Aspirin 150mg suppositories",Aspirin
15364,"Aspirin 150mg suppositories",Aspirin
2986,"Co-codaprin 8mg/400mg dispersible tablets","Codeine phosphate/Aspirin"
2986,"Co-codaprin 8mg/400mg dispersible tablets","Codeine phosphate/Aspirin"
6226,"Aspirin 500mg / Papaveretum 7.71mg dispersible tablets sugar free",Aspirin/Papaveretum
6226,"Aspirin 500mg / Papaveretum 7.71mg dispersible tablets sugar free",Aspirin/Papaveretum
12976,"Aspirin 900mg / Metoclopramide 10mg oral powder sachets sugar free","Metoclopramide hydrochloride/Aspirin DL-Lysine"
254,"Aspirin 300mg tablets",Aspirin
254,"Aspirin 300mg tablets",Aspirin
254,"Aspirin 300mg tablets",Aspirin
377,"Aspirin 300mg dispersible tablets",Aspirin
377,"Aspirin 300mg dispersible tablets",Aspirin
377,"Aspirin 300mg dispersible tablets",Aspirin
31954,"Aspirin 75mg dispersible tablets (Teva UK Ltd)",Aspirin
31954,"Aspirin 75mg dispersible tablets (Teva UK Ltd)",Aspirin
31954,"Aspirin 75mg dispersible tablets (Teva UK Ltd)",Aspirin
25335,"PostMI 75 EC tablets (Ashbourne Pharmaceuticals Ltd)",Aspirin
25335,"PostMI 75 EC tablets (Ashbourne Pharmaceuticals Ltd)",Aspirin
25335,"PostMI 75 EC tablets (Ashbourne Pharmaceuticals Ltd)",Aspirin
31956,"Aspirin 75mg gastro-resistant tablets (Kent Pharmaceuticals Ltd)",Aspirin
31956,"Aspirin 75mg gastro-resistant tablets (Kent Pharmaceuticals Ltd)",Aspirin
31956,"Aspirin 75mg gastro-resistant tablets (Kent Pharmaceuticals Ltd)",Aspirin
47992,"Aspirin 75mg gastro-resistant tablets (A A H Pharmaceuticals Ltd)",Aspirin
47992,"Aspirin 75mg gastro-resistant tablets (A A H Pharmaceuticals Ltd)",Aspirin
47992,"Aspirin 75mg gastro-resistant tablets (A A H Pharmaceuticals Ltd)",Aspirin
31953,"Aspirin 75mg dispersible tablets (IVAX Pharmaceuticals UK Ltd)",Aspirin
31953,"Aspirin 75mg dispersible tablets (IVAX Pharmaceuticals UK Ltd)",Aspirin
31953,"Aspirin 75mg dispersible tablets (IVAX Pharmaceuticals UK Ltd)",Aspirin
33676,"Aspirin 75mg dispersible tablets (Kent Pharmaceuticals Ltd)",Aspirin
33676,"Aspirin 75mg dispersible tablets (Kent Pharmaceuticals Ltd)",Aspirin
33676,"Aspirin 75mg dispersible tablets (Kent Pharmaceuticals Ltd)",Aspirin
6007,"Nu-Seals 300 gastro-resistant tablets (Alliance Pharmaceuticals Ltd)",Aspirin
6007,"Nu-Seals 300 gastro-resistant tablets (Alliance Pharmaceuticals Ltd)",Aspirin
6007,"Nu-Seals 300 gastro-resistant tablets (Alliance Pharmaceuticals Ltd)",Aspirin
43434,"Aspirin 300mg gastro-resistant tablets (A A H Pharmaceuticals Ltd)",Aspirin
43434,"Aspirin 300mg gastro-resistant tablets (A A H Pharmaceuticals Ltd)",Aspirin
43434,"Aspirin 300mg gastro-resistant tablets (A A H Pharmaceuticals Ltd)",Aspirin
6696,"Micropirin 75mg gastro-resistant tablets (Dexcel-Pharma Ltd)",Aspirin
6696,"Micropirin 75mg gastro-resistant tablets (Dexcel-Pharma Ltd)",Aspirin
6696,"Micropirin 75mg gastro-resistant tablets (Dexcel-Pharma Ltd)",Aspirin
34797,"Aspirin 75mg gastro-resistant tablets (Actavis UK Ltd)",Aspirin
34797,"Aspirin 75mg gastro-resistant tablets (Actavis UK Ltd)",Aspirin
34797,"Aspirin 75mg gastro-resistant tablets (Actavis UK Ltd)",Aspirin
41512,"Aspirin 75mg gastro-resistant tablets (Teva UK Ltd)",Aspirin
41512,"Aspirin 75mg gastro-resistant tablets (Teva UK Ltd)",Aspirin
41512,"Aspirin 75mg gastro-resistant tablets (Teva UK Ltd)",Aspirin
74786,"Aspirin 75mg gastro-resistant tablets (Alliance Healthcare (Distribution) Ltd)",Aspirin
62430,"Aspirin 300mg suppositories (A A H Pharmaceuticals Ltd)",Aspirin
49220,"Aspirin 300mg tablets (Kent Pharmaceuticals Ltd)",Aspirin
49220,"Aspirin 300mg tablets (Kent Pharmaceuticals Ltd)",Aspirin
49220,"Aspirin 300mg tablets (Kent Pharmaceuticals Ltd)",Aspirin
33293,"Aspirin 75mg gastro-resistant tablets (Sterwin Medicines)",Aspirin
33293,"Aspirin 75mg gastro-resistant tablets (Sterwin Medicines)",Aspirin
33293,"Aspirin 75mg gastro-resistant tablets (Sterwin Medicines)",Aspirin
6006,"Nu-Seals 75 gastro-resistant tablets (Alliance Pharmaceuticals Ltd)",Aspirin
6006,"Nu-Seals 75 gastro-resistant tablets (Alliance Pharmaceuticals Ltd)",Aspirin
6006,"Nu-Seals 75 gastro-resistant tablets (Alliance Pharmaceuticals Ltd)",Aspirin
32210,"Aspirin 300mg dispersible tablets (Actavis UK Ltd)",Aspirin
32210,"Aspirin 300mg dispersible tablets (Actavis UK Ltd)",Aspirin
32210,"Aspirin 300mg dispersible tablets (Actavis UK Ltd)",Aspirin
18329,"Enprin 75mg gastro-resistant tablets (Galpharm International Ltd)",Aspirin
18329,"Enprin 75mg gastro-resistant tablets (Galpharm International Ltd)",Aspirin
18329,"Enprin 75mg gastro-resistant tablets (Galpharm International Ltd)",Aspirin
31938,"Aspirin 75mg gastro-resistant tablets (Sandoz Ltd)",Aspirin
31938,"Aspirin 75mg gastro-resistant tablets (Sandoz Ltd)",Aspirin
31938,"Aspirin 75mg gastro-resistant tablets (Sandoz Ltd)",Aspirin
54526,"Aspirin 300mg tablets (Alliance Healthcare (Distribution) Ltd)",Aspirin
393,"Disprin 300mg dispersible tablets (Reckitt Benckiser Healthcare (UK) Ltd)",Aspirin
393,"Disprin 300mg dispersible tablets (Reckitt Benckiser Healthcare (UK) Ltd)",Aspirin
393,"Disprin 300mg dispersible tablets (Reckitt Benckiser Healthcare (UK) Ltd)",Aspirin
43806,"Aspirin 300mg gastro-resistant tablets (Sandoz Ltd)",Aspirin
43806,"Aspirin 300mg gastro-resistant tablets (Sandoz Ltd)",Aspirin
43806,"Aspirin 300mg gastro-resistant tablets (Sandoz Ltd)",Aspirin
53791,"Aspirin 150mg suppositories (Alliance Healthcare (Distribution) Ltd)",Aspirin
34485,"Aspirin 75mg gastro-resistant tablets (IVAX Pharmaceuticals UK Ltd)",Aspirin
34485,"Aspirin 75mg gastro-resistant tablets (IVAX Pharmaceuticals UK Ltd)",Aspirin
34485,"Aspirin 75mg gastro-resistant tablets (IVAX Pharmaceuticals UK Ltd)",Aspirin
50926,"Aspirin 75mg dispersible tablets (The Boots Company Plc)",Aspirin
49060,"Aspirin 75mg dispersible tablets (Alliance Healthcare (Distribution) Ltd)",Aspirin
49060,"Aspirin 75mg dispersible tablets (Alliance Healthcare (Distribution) Ltd)",Aspirin
49060,"Aspirin 75mg dispersible tablets (Alliance Healthcare (Distribution) Ltd)",Aspirin
34386,"Aspirin 300mg tablets (Actavis UK Ltd)",Aspirin
34386,"Aspirin 300mg tablets (Actavis UK Ltd)",Aspirin
34386,"Aspirin 300mg tablets (Actavis UK Ltd)",Aspirin
23593,"PostMI 75 dispersible tablets (Ashbourne Pharmaceuticals Ltd)",Aspirin
23593,"PostMI 75 dispersible tablets (Ashbourne Pharmaceuticals Ltd)",Aspirin
23593,"PostMI 75 dispersible tablets (Ashbourne Pharmaceuticals Ltd)",Aspirin
67362,"Aspirin 300mg suppositories (Alliance Healthcare (Distribution) Ltd)",Aspirin
51474,"Aspirin 150mg suppositories (Martindale Pharmaceuticals Ltd)",Aspirin
48165,"Aspirin 300mg tablets (Aspar Pharmaceuticals Ltd)",Aspirin
48165,"Aspirin 300mg tablets (Aspar Pharmaceuticals Ltd)",Aspirin
48165,"Aspirin 300mg tablets (Aspar Pharmaceuticals Ltd)",Aspirin
59791,"Aspirin 75mg dispersible tablets (Aspar Pharmaceuticals Ltd)",Aspirin
55230,"Aspirin 300mg dispersible tablets (Kent Pharmaceuticals Ltd)",Aspirin
49799,"Aspirin 150mg suppositories (A A H Pharmaceuticals Ltd)",Aspirin
53804,"Aspirin 300mg gastro-resistant tablets (Alliance Healthcare (Distribution) Ltd)",Aspirin
33656,"Aspirin 75mg dispersible tablets (A A H Pharmaceuticals Ltd)",Aspirin
33656,"Aspirin 75mg dispersible tablets (A A H Pharmaceuticals Ltd)",Aspirin
33656,"Aspirin 75mg dispersible tablets (A A H Pharmaceuticals Ltd)",Aspirin
34309,"Aspirin 300mg dispersible tablets (A A H Pharmaceuticals Ltd)",Aspirin
34309,"Aspirin 300mg dispersible tablets (A A H Pharmaceuticals Ltd)",Aspirin
34309,"Aspirin 300mg dispersible tablets (A A H Pharmaceuticals Ltd)",Aspirin
32992,"Aspirin 75mg gastro-resistant tablets (Mylan)",Aspirin
32992,"Aspirin 75mg gastro-resistant tablets (Mylan)",Aspirin
32992,"Aspirin 75mg gastro-resistant tablets (Mylan)",Aspirin
34611,"Aspirin 75mg gastro-resistant tablets (C P Pharmaceuticals Ltd)",Aspirin
34611,"Aspirin 75mg gastro-resistant tablets (C P Pharmaceuticals Ltd)",Aspirin
34611,"Aspirin 75mg gastro-resistant tablets (C P Pharmaceuticals Ltd)",Aspirin
25718,"Angettes 75 tablets (Bristol-Myers Squibb Pharmaceuticals Ltd)",Aspirin
25718,"Angettes 75 tablets (Bristol-Myers Squibb Pharmaceuticals Ltd)",Aspirin
25718,"Angettes 75 tablets (Bristol-Myers Squibb Pharmaceuticals Ltd)",Aspirin
41569,"Aspirin 300mg tablets (A A H Pharmaceuticals Ltd)",Aspirin
41569,"Aspirin 300mg tablets (A A H Pharmaceuticals Ltd)",Aspirin
41569,"Aspirin 300mg tablets (A A H Pharmaceuticals Ltd)",Aspirin
73994,"Aspirin 75mg gastro-resistant tablets (Greenfield Pharmaceuticals Ltd)",Aspirin
34434,"Aspirin 75mg dispersible tablets (Thornton & Ross Ltd)",Aspirin
34434,"Aspirin 75mg dispersible tablets (Thornton & Ross Ltd)",Aspirin
34434,"Aspirin 75mg dispersible tablets (Thornton & Ross Ltd)",Aspirin
53816,"Aspirin 300mg dispersible tablets (Alliance Healthcare (Distribution) Ltd)",Aspirin
24025,"Caprin 300mg gastro-resistant tablets (Pinewood Healthcare)",Aspirin
24025,"Caprin 300mg gastro-resistant tablets (Pinewood Healthcare)",Aspirin
24025,"Caprin 300mg gastro-resistant tablets (Pinewood Healthcare)",Aspirin
32036,"Aspirin 75mg dispersible tablets (Actavis UK Ltd)",Aspirin
32036,"Aspirin 75mg dispersible tablets (Actavis UK Ltd)",Aspirin
32036,"Aspirin 75mg dispersible tablets (Actavis UK Ltd)",Aspirin
9144,"Caprin 75mg gastro-resistant tablets (Wockhardt UK Ltd)",Aspirin
9144,"Caprin 75mg gastro-resistant tablets (Wockhardt UK Ltd)",Aspirin
9144,"Caprin 75mg gastro-resistant tablets (Wockhardt UK Ltd)",Aspirin
8381,"ASPIRIN /CAMPHOR /MENTHOL /METHYL SALICY 1.2 % LIN",NA
25959,"ASPIRIN/CAFFEINE/DEXTROPROPOXYPHENE NAPS PUL",NA
40191,"ASPIRIN /CAFFEINE /QUININE SULPHATE 325 MG TAB",NA
24498,"ASPIRIN/CODEINE PHOSPHATE/PARACETAMOL 300 MG TAB",NA
23250,"ASPIRIN /ETHOHEPTAZINE CITRATE /MEPROBAM 250 MG TAB",NA
22864,"ASPIRIN PAED MIX",NA
383,"ASPIRIN 60 MG TAB",NA
4679,"Asasantin Retard capsules (Boehringer Ingelheim Ltd)",Dipyridamole/Aspirin
26582,"ASPIRIN PAED 100 MG SUP",NA
20206,"ASPIRIN 50 MG SUP",NA
1486,"ASPIRIN 75 MG SUP",NA
26792,"ASPIRIN 125 MG SUP",NA
24857,"ASPIRIN 250 MG SUP",NA
13882,"Imazin XL tablets (Napp Pharmaceuticals Ltd)","Aspirin/Isosorbide mononitrate"
13882,"Imazin XL tablets (Napp Pharmaceuticals Ltd)","Aspirin/Isosorbide mononitrate"
18030,"Imazin XL forte tablets (Napp Pharmaceuticals Ltd)","Aspirin/Isosorbide mononitrate"
18030,"Imazin XL forte tablets (Napp Pharmaceuticals Ltd)","Aspirin/Isosorbide mononitrate"
42061,"ASPIRIN 65 MG SUP",NA
26099,"ASPIRIN 175 MG SUP",NA
26424,"ASPIRIN 200 MG SUP",NA
11941,"ASPIRIN SACHETS 30 MG",NA
42218,"Co-codaprin 8mg/400mg dispersible tablets (A A H Pharmaceuticals Ltd)","Codeine phosphate/Aspirin"
42218,"Co-codaprin 8mg/400mg dispersible tablets (A A H Pharmaceuticals Ltd)","Codeine phosphate/Aspirin"
46925,"Co-codaprin 8mg/400mg dispersible tablets (Actavis UK Ltd)","Codeine phosphate/Aspirin"
46925,"Co-codaprin 8mg/400mg dispersible tablets (Actavis UK Ltd)","Codeine phosphate/Aspirin"
111,"ASPIRIN 40 MG CAP",NA
685,"Aspav dispersible tablets (Actavis UK Ltd)",Aspirin/Papaveretum
685,"Aspav dispersible tablets (Actavis UK Ltd)",Aspirin/Papaveretum
4523,"ASPIRIN 50 MG CAP",NA
22253,"ASPIRIN paed 150 MG SUP",NA
15517,"ASPIRIN 100 MG SUP",NA
30695,"ASPIRIN 120 MG SUP",NA
8843,"ASPIRIN 325 MG TAB",NA
8185,"Disprin CV 300mg modified-release tablets (Reckitt Benckiser Healthcare (UK) Ltd)",Aspirin
8185,"Disprin CV 300mg modified-release tablets (Reckitt Benckiser Healthcare (UK) Ltd)",Aspirin
8185,"Disprin CV 300mg modified-release tablets (Reckitt Benckiser Healthcare (UK) Ltd)",Aspirin
8186,"Aspirin 300mg modified-release tablets",Aspirin
8186,"Aspirin 300mg modified-release tablets",Aspirin
8186,"Aspirin 300mg modified-release tablets",Aspirin
41766,"Maximum Strength Aspro Clear 500mg effervescent tablets (Bayer Plc)",Aspirin
41766,"Maximum Strength Aspro Clear 500mg effervescent tablets (Bayer Plc)",Aspirin
23932,"Aspro Clear 300mg effervescent tablets (Bayer Plc)",Aspirin
23932,"Aspro Clear 300mg effervescent tablets (Bayer Plc)",Aspirin
23932,"Aspro Clear 300mg effervescent tablets (Bayer Plc)",Aspirin
9939,"Aspirin 500mg effervescent tablets sugar free",Aspirin
9939,"Aspirin 500mg effervescent tablets sugar free",Aspirin
9939,"Aspirin 500mg effervescent tablets sugar free",Aspirin
7516,"Aspirin 300mg effervescent tablets sugar free",Aspirin
7516,"Aspirin 300mg effervescent tablets sugar free",Aspirin
7516,"Aspirin 300mg effervescent tablets sugar free",Aspirin
657,"Aspirin 500mg granules sachets sugar free",Aspirin
657,"Aspirin 500mg granules sachets sugar free",Aspirin
657,"Aspirin 500mg granules sachets sugar free",Aspirin
22232,"Disprin Direct 300mg orodispersible tablets (Reckitt Benckiser Healthcare (UK) Ltd)",Aspirin
22232,"Disprin Direct 300mg orodispersible tablets (Reckitt Benckiser Healthcare (UK) Ltd)",Aspirin
22232,"Disprin Direct 300mg orodispersible tablets (Reckitt Benckiser Healthcare (UK) Ltd)",Aspirin
22305,"Disprin Extra dispersible tablets (Reckitt Benckiser Healthcare (UK) Ltd)",Aspirin/Paracetamol
22305,"Disprin Extra dispersible tablets (Reckitt Benckiser Healthcare (UK) Ltd)",Aspirin/Paracetamol
7520,"Anadin Extra soluble tablets (Pfizer Consumer Healthcare Ltd)",Aspirin/Paracetamol/Caffeine
7520,"Anadin Extra soluble tablets (Pfizer Consumer Healthcare Ltd)",Aspirin/Paracetamol/Caffeine
15367,"Anadin Extra tablets (Pfizer Consumer Healthcare Ltd)",Aspirin/Paracetamol/Caffeine
15367,"Anadin Extra tablets (Pfizer Consumer Healthcare Ltd)",Aspirin/Paracetamol/Caffeine
58112,"Alka-Seltzer effervescent tablets original (Bayer Plc)","Aspirin/Citric acid/Sodium bicarbonate"
20650,"Aspirin 300mg / Paracetamol 200mg dispersible tablets sugar free",Aspirin/Paracetamol
20650,"Aspirin 300mg / Paracetamol 200mg dispersible tablets sugar free",Aspirin/Paracetamol
18217,"Aspirin 300mg orodispersible tablets sugar free",Aspirin
18217,"Aspirin 300mg orodispersible tablets sugar free",Aspirin
18217,"Aspirin 300mg orodispersible tablets sugar free",Aspirin
54353,"Generic Anadin Extra soluble tablets sugar free",Aspirin/Paracetamol/Caffeine
50166,"Generic Anadin Extra tablets",Aspirin/Paracetamol/Caffeine
7539,"Beechams Powders oral powder sachets (GlaxoSmithKline Consumer Healthcare)",Aspirin/Caffeine
7539,"Beechams Powders oral powder sachets (GlaxoSmithKline Consumer Healthcare)",Aspirin/Caffeine
12964,"Aspirin 600mg / Caffeine 50mg oral powder sachets sugar free",Aspirin/Caffeine
12964,"Aspirin 600mg / Caffeine 50mg oral powder sachets sugar free",Aspirin/Caffeine
9044,"Codis 500 dispersible tablets (Reckitt Benckiser Healthcare (UK) Ltd)","Aspirin/Codeine phosphate"
9044,"Codis 500 dispersible tablets (Reckitt Benckiser Healthcare (UK) Ltd)","Aspirin/Codeine phosphate"
12992,"Aspirin 500mg / Codeine 8mg dispersible tablets sugar free","Aspirin/Codeine phosphate"
12992,"Aspirin 500mg / Codeine 8mg dispersible tablets sugar free","Aspirin/Codeine phosphate"
24960,"Aspirin 300mg tablets (Vantage)",Aspirin
24960,"Aspirin 300mg tablets (Vantage)",Aspirin
24960,"Aspirin 300mg tablets (Vantage)",Aspirin
64071,"Aspirin powder (J M Loveridge Ltd)",Aspirin
10310,"Aspirin powder",Aspirin
10310,"Aspirin powder",Aspirin
10310,"Aspirin powder",Aspirin
11951,"Original Phensic Aspirin tablets (Merck Consumer Health Products)",Aspirin/Caffeine
11951,"Original Phensic Aspirin tablets (Merck Consumer Health Products)",Aspirin/Caffeine
24622,"Aspirin 325mg / Caffeine 22mg tablets",Aspirin/Caffeine
24622,"Aspirin 325mg / Caffeine 22mg tablets",Aspirin/Caffeine
23488,"Claradin 300mg Tablet (Nicholas Laboratories Ltd)",Aspirin
23488,"Claradin 300mg Tablet (Nicholas Laboratories Ltd)",Aspirin
43060,"Aspirin 300mg Soluble tablet (Celltech Pharma Europe Ltd)",Aspirin
43060,"Aspirin 300mg Soluble tablet (Celltech Pharma Europe Ltd)",Aspirin
45643,"Aspirin 75mg Soluble tablet (Celltech Pharma Europe Ltd)",Aspirin
45643,"Aspirin 75mg Soluble tablet (Celltech Pharma Europe Ltd)",Aspirin
28238,"ASPIRIN 300MG/LYSINE 245MG 300 MG TAB",NA
7769,"ASPIRIN/PARACETAMOL TAB",NA
52905,"Aspirin 300mg tablets (Lloyds Pharmacy Ltd)",Aspirin
26967,"Alka-Seltzer XS effervescent tablets (Bayer Plc)","Aspirin/Caffeine/Citric acid/Sodium bicarbonate/Paracetamol"
32728,"Askit oral powder sachets (Bayer Plc)","Aspirin/Aloxiprin/Caffeine citrate"
32728,"Askit oral powder sachets (Bayer Plc)","Aspirin/Aloxiprin/Caffeine citrate"
74096,"Aspirin 50mg/5ml oral suspension",Aspirin
28606,"ASPIRIN/CAFFEINE/CODEINE PHOSPHATE 300 MG TAB",NA
7770,"ASPIRIN/CODEINE PHOSPHATE/PARACETAMOL 250 MG TAB",NA
25211,"Anadin Original tablets (Pfizer Consumer Healthcare Ltd)",Aspirin/Caffeine
25211,"Anadin Original tablets (Pfizer Consumer Healthcare Ltd)",Aspirin/Caffeine
3309,"Aspirin 325mg / Caffeine 15mg tablets",Aspirin/Caffeine
3309,"Aspirin 325mg / Caffeine 15mg tablets",Aspirin/Caffeine
54284,"Aspirin 75mg dispersible tablets (Almus Pharmaceuticals Ltd)",Aspirin
67754,"Aspirin 300mg dispersible tablets (Almus Pharmaceuticals Ltd)",Aspirin
43709,"Aspirin 75mg gastro-resistant tablets (Almus Pharmaceuticals Ltd)",Aspirin
43709,"Aspirin 75mg gastro-resistant tablets (Almus Pharmaceuticals Ltd)",Aspirin
43709,"Aspirin 75mg gastro-resistant tablets (Almus Pharmaceuticals Ltd)",Aspirin
67160,"Aspirin 300mg dispersible tablets (Lloyds Pharmacy Ltd)",Aspirin
66861,"Aspirin 75mg effervescent tablets",Aspirin
484,"Equagesic Tablet (Wyeth Pharmaceuticals)","Aspirin/ethoheptazine Citrate/meprobamate"
484,"Equagesic Tablet (Wyeth Pharmaceuticals)","Aspirin/ethoheptazine Citrate/meprobamate"
73634,"Co-codaprin 8mg/400mg tablets (The Boots Company Plc)","Aspirin/Codeine phosphate"
52856,"Co-codaprin 8mg/400mg tablets","Aspirin/Codeine phosphate"
60693,"Aspirin 15mg/5ml oral solution",Aspirin
67521,"Aspirin 15mg/5ml oral suspension",Aspirin
60694,"Aspirin 25mg/5ml oral solution",Aspirin
74302,"Aspirin 75mg/5ml oral suspension",Aspirin
54565,"Aspirin 75mg dispersible tablets (Lloyds Pharmacy Ltd)",Aspirin
54997,"Aspirin 75mg dispersible tablets (Dowelhurst Ltd)",Aspirin
54734,"Aspirin 300mg tablets (Wockhardt UK Ltd)",Aspirin
58331,"Aspirin 300mg gastro-resistant tablets (Mylan)",Aspirin
50555,"Aspirin 300mg dispersible tablets (DE Pharmaceuticals)",Aspirin
35967,"Paramed Extra Power Pain Control tablets (Galpharm International Ltd)",Paracetamol/Caffeine/Aspirin
66546,"Aspirin 75mg dispersible tablets (Numark Ltd)",Aspirin
48000,"Aspirin 300mg tablets (Sigma Pharmaceuticals Plc)",Aspirin
48000,"Aspirin 300mg tablets (Sigma Pharmaceuticals Plc)",Aspirin
48000,"Aspirin 300mg tablets (Sigma Pharmaceuticals Plc)",Aspirin
49685,"Aspirin 75mg dispersible tablets (Sigma Pharmaceuticals Plc)",Aspirin
56007,"Aspirin 300mg dispersible tablets (Sigma Pharmaceuticals Plc)",Aspirin
71078,"Aspirin 300mg dispersible tablets (Mawdsley-Brooks & Company Ltd)",Aspirin
51561,"Aspirin 75mg gastro-resistant tablets (Zanza Laboratories Ltd)",Aspirin
52618,"Aspirin 75mg dispersible tablets (Bristol Laboratories Ltd)",Aspirin
59021,"Aspirin 75mg gastro-resistant tablets (Bristol Laboratories Ltd)",Aspirin
63603,"Laboprin Tablet (Laboratories For Applied Biology Ltd)",Aspirin
53178,"Aspirin 75mg gastro-resistant tablets (Wockhardt UK Ltd)",Aspirin
59728,"Aspirin 75mg tablets (Alissa Healthcare Research Ltd)",Aspirin
54430,"Aspirin 75mg tablets (Alliance Healthcare (Distribution) Ltd)",Aspirin
56995,"Aspirin 75mg dispersible tablets (Phoenix Healthcare Distribution Ltd)",Aspirin
66563,"Aspirin 75mg gastro-resistant tablets (Phoenix Healthcare Distribution Ltd)",Aspirin
50949,"Aspirin 75mg tablets (A A H Pharmaceuticals Ltd)",Aspirin
52044,"Aspirin 300mg caplets (The Boots Company Plc)",Aspirin
55579,"Aspirin 300mg tablets (Almus Pharmaceuticals Ltd)",Aspirin
48974,"Aspirin 75mg tablets (Phoenix Healthcare Distribution Ltd)",Aspirin
48974,"Aspirin 75mg tablets (Phoenix Healthcare Distribution Ltd)",Aspirin
48974,"Aspirin 75mg tablets (Phoenix Healthcare Distribution Ltd)",Aspirin
3155,"Migravess 5mg+325mg Effervescent tablet (Bayer Plc)","Metoclopramide Hydrochloride"
47937,"Aspirin 75mg dispersible tablets (Wockhardt UK Ltd)",Aspirin
47937,"Aspirin 75mg dispersible tablets (Wockhardt UK Ltd)",Aspirin
57057,"Aspirin 75mg dispersible tablets (Wockhardt UK Ltd)",Aspirin
47937,"Aspirin 75mg dispersible tablets (Wockhardt UK Ltd)",Aspirin
59244,"Aspirin 100mg capsules",Aspirin
56996,"Aspirin 75mg dispersible tablets (Waymade Healthcare Plc)",Aspirin
56883,"Aspirin 75mg tablets (Waymade Healthcare Plc)",Aspirin
56736,"Aspirin 300mg tablets (Waymade Healthcare Plc)",Aspirin
59253,"Aspirin 75mg gastro-resistant tablets (Waymade Healthcare Plc)",Aspirin
1137,"Nu-seals aspirin ec 300mg Gastro-resistant tablet (Eli Lilly and Company Ltd)",Aspirin
1137,"Nu-seals aspirin ec 300mg Gastro-resistant tablet (Eli Lilly and Company Ltd)",Aspirin
1049,"Nu-seals aspirin 600mg Tablet (Eli Lilly and Company Ltd)",Aspirin
1049,"Nu-seals aspirin 600mg Tablet (Eli Lilly and Company Ltd)",Aspirin
2628,"Nu-seals aspirin ec 75mg Gastro-resistant tablet (Eli Lilly and Company Ltd)",Aspirin
2628,"Nu-seals aspirin ec 75mg Gastro-resistant tablet (Eli Lilly and Company Ltd)",Aspirin
66345,"Aspirin 75mg dispersible tablets (DE Pharmaceuticals)",Aspirin
60777,"Aspirin 75mg gastro-resistant tablets (DE Pharmaceuticals)",Aspirin
60278,"Aspirin 300mg tablets (DE Pharmaceuticals)",Aspirin
60127,"Aspirin 75mg tablets (DE Pharmaceuticals)",Aspirin
68051,"Aspirin 150mg suppositories (Colorama Pharmaceuticals Ltd)",Aspirin
40144,"Aspirin 300mg Dispersible tablet (Thornton & Ross Ltd)",Aspirin
40144,"Aspirin 300mg Dispersible tablet (Thornton & Ross Ltd)",Aspirin
40381,"Aspirin 75mg Soluble tablet (C P Pharmaceuticals Ltd)",Aspirin
40381,"Aspirin 75mg Soluble tablet (C P Pharmaceuticals Ltd)",Aspirin
63683,"Aspirin with codeine Dispersible tablet (Actavis UK Ltd)","Codeine phosphate/Aspirin"
62334,"Aspirin 300mg caplets (Wockhardt UK Ltd)",Aspirin
14517,"Robaxisal forte Tablet (Shire Pharmaceuticals Ltd)",Aspirin
69216,"Dipyridamole 200mg modified-release / Aspirin 25mg capsules (A A H Pharmaceuticals Ltd)",Dipyridamole/Aspirin
67124,"Bisoprolol 10mg / Aspirin 75mg capsules","Bisoprolol fumarate/Aspirin"
65027,"Bisoprolol 5mg / Aspirin 100mg capsules","Aspirin/Bisoprolol fumarate"
68752,"Aspirin 75mg tablets (Sigma Pharmaceuticals Plc)",Aspirin
71676,"Aspirin 75mg dispersible tablets (Mawdsley-Brooks & Company Ltd)",Aspirin
67858,"Aspirin 25mg capsules",Aspirin
71192,"Aspirin 75mg tablets (Kent Pharmaceuticals Ltd)",Aspirin
70549,"Danamep 75mg dispersible tablets (Ecogen Europe Ltd)",Aspirin
71663,"Aspirin 75mg tablets (Actavis UK Ltd)",Aspirin
21382,"Aspirin 150mg / Isosorbide mononitrate 60mg modified-release tablets","Aspirin/Isosorbide mononitrate"
21382,"Aspirin 150mg / Isosorbide mononitrate 60mg modified-release tablets","Aspirin/Isosorbide mononitrate"
21380,"Aspirin 75mg / Isosorbide mononitrate 60mg modified-release tablets","Aspirin/Isosorbide mononitrate"
21380,"Aspirin 75mg / Isosorbide mononitrate 60mg modified-release tablets","Aspirin/Isosorbide mononitrate"
6666,"Dipyridamole 200mg modified-release / Aspirin 25mg capsules",Dipyridamole/Aspirin
6666,"Dipyridamole 200mg modified-release / Aspirin 25mg capsules",Dipyridamole/Aspirin
395,"Aspirin mixture",Aspirin
395,"Aspirin mixture",Aspirin
70841,"Aspirin 300mg Dispersible tablet (Family Health)",Aspirin
9301,"Aspirin 100mg modified-release tablets",Aspirin
9301,"Aspirin 100mg modified-release tablets",Aspirin
41594,"Aspirin 300mg Dispersible tablet (Teva UK Ltd)",Aspirin
41594,"Aspirin 300mg Dispersible tablet (Teva UK Ltd)",Aspirin
63658,"Co-codaprin 400/8 Tablet (Hillcross Pharmaceuticals Ltd)","Codeine Phosphate/Aspirin"
31210,"Aspirin 300mg Tablet (Co-operative)",Aspirin
31210,"Aspirin 300mg Tablet (Co-operative)",Aspirin
34385,"Aspirin 75mg Soluble tablet (Co-operative)",Aspirin
34385,"Aspirin 75mg Soluble tablet (Co-operative)",Aspirin
31870,"Aspirin 320mg tablets",Aspirin
31870,"Aspirin 320mg tablets",Aspirin
17456,"Metoclopramide with lysine acetylsalicylate 10mg + 900mg Oral solution","Metoclopramide Hydrochloride"
3386,"Migravess forte 5mg+450mg Effervescent tablet (Bayer Plc)","Metoclopramide Hydrochloride"
45851,"Aspirin 300mg Soluble tablet (Ranbaxy (UK) Ltd)",Aspirin
45851,"Aspirin 300mg Soluble tablet (Ranbaxy (UK) Ltd)",Aspirin
20840,"Acetylsalicylic acid mix",Aspirin
20840,"Acetylsalicylic acid mix",Aspirin
2047,"Co-codaprin 8mg with 400mg tablets","Codeine Phosphate/Aspirin"
2047,"Co-codaprin 8mg with 400mg tablets","Codeine Phosphate/Aspirin"
71821,"Aspirin 300mg Tablet (Numark Management Ltd)",Aspirin
45840,"Aspirin 300mg Dispersible tablet (Numark Management Ltd)",Aspirin
45840,"Aspirin 300mg Dispersible tablet (Numark Management Ltd)",Aspirin
34666,"Aspirin ec 300mg Gastro-resistant tablet (A A H Pharmaceuticals Ltd)",Aspirin
34666,"Aspirin ec 300mg Gastro-resistant tablet (A A H Pharmaceuticals Ltd)",Aspirin
31211,"Aspirin 75mg Dispersible tablet (A A H Pharmaceuticals Ltd)",Aspirin
31211,"Aspirin 75mg Dispersible tablet (A A H Pharmaceuticals Ltd)",Aspirin
33662,"Aspirin 300mg Dispersible tablet (A A H Pharmaceuticals Ltd)",Aspirin
33662,"Aspirin 300mg Dispersible tablet (A A H Pharmaceuticals Ltd)",Aspirin
8733,"JUNIOR ASPIRIN 37.5 MG TAB",NA
2105,"Solprin 300mg Tablet (Reckitt Benckiser Healthcare (UK) Ltd)",Aspirin
34796,"Aspirin 75mg Gastro-resistant tablet (Galen Ltd)",Aspirin
34796,"Aspirin 75mg Gastro-resistant tablet (Galen Ltd)",Aspirin
34762,"Aspirin 300mg Gastro-resistant tablet (Galen Ltd)",Aspirin
34762,"Aspirin 300mg Gastro-resistant tablet (Galen Ltd)",Aspirin
22618,"Solprin 75mg Tablet (Reckitt Benckiser Healthcare (UK) Ltd)",Aspirin
66171,"Aspirin 150mg Suppository (Distriphar (UK))",Aspirin
30432,"ASPIRIN & DOVER'S pwdr TAB",NA
4557,"ASPIRIN & PAPAVERUTUM 10 MG TAB",NA
22450,"ASPIRIN & CODEINE 75 MG TAB",NA
7915,"ASPIRIN SR 100 MG TAB",NA
32154,"Anadin Soluble tablet (Wyeth Consumer Healthcare)",Caffeine
216,"ASPIRIN 70 MG TAB",NA
13598,"ASPIRIN & CODEINE 500 MG TAB",NA
12605,"ASPIRIN & CAFFEINE disp 300 MG TAB",NA
7665,"ASPIRIN SR 300 MG TAB",NA
33668,"Aspirin 300mg Dispersible tablet (Rusco Ltd)",Aspirin
33668,"Aspirin 300mg Dispersible tablet (Rusco Ltd)",Aspirin
17926,"Aspirin 400mg with Codeine 8mg tablets","Codeine Phosphate/Aspirin"
17926,"Aspirin 400mg with Codeine 8mg tablets","Codeine Phosphate/Aspirin"
7518,"Aspirin 400mg with Codeine 8mg dispersible tablets","Codeine Phosphate/Aspirin"
7518,"Aspirin 400mg with Codeine 8mg dispersible tablets","Codeine Phosphate/Aspirin"
9432,"Aspirin 500mg / Codeine 8mg soluble tablets","Codeine Phosphate/Aspirin"
9432,"Aspirin 500mg / Codeine 8mg soluble tablets","Codeine Phosphate/Aspirin"
30920,"Aspirin 300mg Dispersible tablet (M & A Pharmachem Ltd)",Aspirin
30920,"Aspirin 300mg Dispersible tablet (M & A Pharmachem Ltd)",Aspirin
53622,"Aspirin 300mg Tablet (M & A Pharmachem Ltd)",Aspirin
19724,"ASPIRIN & CODEINE paed 75 MG TAB",NA
8424,"ASPIRIN PAED 81 MG TAB",NA
11326,"Meprobamate with ethoheptazine citrate and aspirin Tablet","Aspirin/ethoheptazine Citrate/meprobamate"
29054,"Methocarbamol with aspirin Tablet",Aspirin
15352,"ASPIRIN & PARACETAMOL TAB",NA
3726,"Metoclopramide with aspirin 5mg + 325mg Effervescent tablet","Metoclopramide Hydrochloride"
17180,"Metoclopramide with aspirin 5mg + 450mg Effervescent tablet","Metoclopramide Hydrochloride"
31499,"Paracetamol with aspirin tablet",Aspirin
21770,"Paracetamol 200mg with aspirin 300mg dispersible tablet",Aspirin
9129,"Paracetamol 250mg with aspirin 250mg & codeine 6.8mg tablet","Codeine Phosphate"
23841,"Safapryn Tablet (Pfizer Ltd)",Aspirin
31894,"Safapryn -Co Tablet (Pfizer Ltd)","Codeine Phosphate"
11961,"Veganin Tablet (Pfizer Consumer Healthcare Ltd)","Codeine Phosphate"
53711,"Aspirin 300mg Tablet (Nucare Plc)",Aspirin
34942,"Aspirin 75mg Dispersible tablet (Nucare Plc)",Aspirin
34942,"Aspirin 75mg Dispersible tablet (Nucare Plc)",Aspirin
44639,"Aspirin 300mg Dispersible tablet (Nucare Plc)",Aspirin
44639,"Aspirin 300mg Dispersible tablet (Nucare Plc)",Aspirin
33320,"Aspirin 75mg Dispersible tablet (Sovereign Medical Ltd)",Aspirin
33320,"Aspirin 75mg Dispersible tablet (Sovereign Medical Ltd)",Aspirin
22776,"Aspirin 500mg with Cyclizine 25mg effervescent tablets","Aspirin/Cyclizine Hydrochloride"
22776,"Aspirin 500mg with Cyclizine 25mg effervescent tablets","Aspirin/Cyclizine Hydrochloride"
10305,"Aspirin 162.5mg capsules",Aspirin
10305,"Aspirin 162.5mg capsules",Aspirin
2754,"ASPIRIN SOLUBLE 150 MG TAB",NA
8920,"ASPIRIN SOLUBLE 500 MG TAB",NA
27467,"ASPIRIN SOLUBLE 400 MG TAB",NA
15397,"ASPIRIN SOLUBLE 50 MG TAB",NA
7486,"ASPIRIN 37.5 MG TAB",NA
22824,"ASPIRIN disp 600 MG TAB",NA
33075,"ASPIRIN 600MG/GLYCINE 300MG 600 MG TAB",NA
7944,"ASPIRIN SOLUBLE 40 MG CAP",NA
23491,"ASPIRIN 500 MG SUP",NA
9027,"ASPIRIN disp 150 MG TAB",NA
12102,"ASPIRIN SOLUBLE 100 MG TAB",NA
7462,"ASPIRIN 325 MG CAP",NA
28707,"ASPIRIN M/F 324 MG TAB",NA
2924,"ASPIRIN 150 MG TAB",NA
17704,"Platet 100mg Effervescent tablet (Roche Products Ltd)",Aspirin
17704,"Platet 100mg Effervescent tablet (Roche Products Ltd)",Aspirin
36543,"Aspirin 100mg effervescent tablets",Aspirin
36543,"Aspirin 100mg effervescent tablets",Aspirin
8645,"Aspirin 300mg effervescent tablets",Aspirin
8645,"Aspirin 300mg effervescent tablets",Aspirin
22107,"ASPIRIN disp 200 MG TAB",NA
306,"Aspirin with codeine phosphate and caffeine tablets","Codeine Phosphate/Caffeine/Aspirin"
306,"Aspirin with codeine phosphate and caffeine tablets","Codeine Phosphate/Caffeine/Aspirin"
18261,"Aspirin 500mg with Papaveretum 7.71mg dispersible tablets",Aspirin/Papaveretum
18261,"Aspirin 500mg with Papaveretum 7.71mg dispersible tablets",Aspirin/Papaveretum
1902,"Aspirn 600mg gastro-resistant tablets",Aspirin
1902,"Aspirn 600mg gastro-resistant tablets",Aspirin
37541,"Aspirin 227mg medicated chewing-gum",Aspirin
37541,"Aspirin 227mg medicated chewing-gum",Aspirin
22138,"Aspirin 324mg modified-release tablets",Aspirin
22138,"Aspirin 324mg modified-release tablets",Aspirin
28810,"Aspirin 300mg with Glycine 133mg soluble tablets",Aspirin
28810,"Aspirin 300mg with Glycine 133mg soluble tablets",Aspirin
29848,"Aspirin 300mg with Glycine 150mg chewable tablets",Aspirin
29848,"Aspirin 300mg with Glycine 150mg chewable tablets",Aspirin
2607,"Paynocil Tablet (Beecham Research Laboratories)",Aspirin
4271,"ASPIRIN SOLUBLE 200 MG TAB",NA
8734,"ASPIRIN disp 37.5 MG TAB",NA
7417,"ASPIRIN 40 MG TAB",NA
15447,"ASPIRIN SOLUBLE 600 MG TAB",NA
24828,"Hypon Tablet (Wellcome Medical Division)","Codeine Phosphate/Caffeine Citrate/Citric Acid/Calcium Carbonate/Aspirin"
24828,"Hypon Tablet (Wellcome Medical Division)","Codeine Phosphate/Caffeine Citrate/Citric Acid/Calcium Carbonate/Aspirin"
15044,"ASPIRIN disp 500 MG TAB",NA
22863,"ASPIRIN S/R 500 MG TAB",NA
32314,"Aspirin with aloxiprin and caffeine powder",Caffeine/Aspirin/Aloxiprin
32314,"Aspirin with aloxiprin and caffeine powder",Caffeine/Aspirin/Aloxiprin
34233,"Aspirin with aloxiprin and caffeine capsules",Caffeine/Aspirin/Aloxiprin
34233,"Aspirin with aloxiprin and caffeine capsules",Caffeine/Aspirin/Aloxiprin
430,"Aspirin 500mg / Caffeine 32mg capsules",Caffeine/Aspirin
430,"Aspirin 500mg / Caffeine 32mg capsules",Caffeine/Aspirin
381,"Anadin Tablet (Wyeth Consumer Healthcare)",Aspirin/Caffeine
381,"Anadin Tablet (Wyeth Consumer Healthcare)",Aspirin/Caffeine
16611,"Anadin Tablet (Wyeth Consumer Healthcare)",Aspirin/Caffeine
16611,"Anadin Tablet (Wyeth Consumer Healthcare)",Aspirin/Caffeine
33139,"Anadin maximum strength Capsule (Wyeth Consumer Healthcare)",Caffeine
31498,"ASPIRIN / CAFFEINE CIT./ CODEINE PHOS./ 200 MG TAB",NA
17920,"Disprin cv 100mg Modified-release tablet (Reckitt Benckiser Healthcare (UK) Ltd)",Aspirin
17920,"Disprin cv 100mg Modified-release tablet (Reckitt Benckiser Healthcare (UK) Ltd)",Aspirin
21921,"Postmi ec 300mg Gastro-resistant tablet (Ashbourne Pharmaceuticals Ltd)",Aspirin
21921,"Postmi ec 300mg Gastro-resistant tablet (Ashbourne Pharmaceuticals Ltd)",Aspirin
36521,"Aspirin 500mg modified-release tablets",Aspirin
36521,"Aspirin 500mg modified-release tablets",Aspirin
20127,"Codeine phosphate 8mg with aspirin 400mg with caffeine dispersible tablets","Codeine Phosphate/Aspirin"
20127,"Codeine phosphate 8mg with aspirin 400mg with caffeine dispersible tablets","Codeine Phosphate/Aspirin"
48021,"Aspirin 75mg Tablet (Hillcross Pharmaceuticals Ltd)",Aspirin
48021,"Aspirin 75mg Tablet (Hillcross Pharmaceuticals Ltd)",Aspirin
29759,"Aspro Tablet (Roche Consumer Health)",Aspirin
29759,"Aspro Tablet (Roche Consumer Health)",Aspirin
11977,"Aspro clear maximum strength tablets",Aspirin
11977,"Aspro clear maximum strength tablets",Aspirin
30022,"Fynnon calcium aspirin 500mg Soluble tablet (SSL International Plc)","Calcium Carbonate/Aspirin"
30022,"Fynnon calcium aspirin 500mg Soluble tablet (SSL International Plc)","Calcium Carbonate/Aspirin"
33317,"Aspirin with Sodium bicarbonate with Citric acid effervescent tablets","Citric Acid/Sodium Bicarbonate/Aspirin"
33317,"Aspirin with Sodium bicarbonate with Citric acid effervescent tablets","Citric Acid/Sodium Bicarbonate/Aspirin"
16184,"Alka-seltzer Tablet (Bayer Plc)","Citric Acid/Sodium Bicarbonate/Aspirin"
16184,"Alka-seltzer Tablet (Bayer Plc)","Citric Acid/Sodium Bicarbonate/Aspirin"
19189,"Micropirin 75mg Gastro-resistant tablet (Ratiopharm UK Ltd)",Aspirin
19189,"Micropirin 75mg Gastro-resistant tablet (Ratiopharm UK Ltd)",Aspirin
31001,"Cullens headache powders Sachets (Cullen and Davidson)",Aspirin/Caffeine
31001,"Cullens headache powders Sachets (Cullen and Davidson)",Aspirin/Caffeine
32178,"Paracetamol 133mg with aspirin 267mg & caffeine 40mg effervescent tablet",Caffeine
19255,"Paracetamol 200mg with aspirin 300mg & caffeine 45mg tablet",Caffeine
27435,"Paracetamol 200mg with aspirin 300mg & caffeine 45mg soluble tablet",Caffeine
15779,"Codeine 8mg with aspirin 500mg soluble tablets","Codeine Phosphate/Aspirin"
15779,"Codeine 8mg with aspirin 500mg soluble tablets","Codeine Phosphate/Aspirin"
28784,"Codeine phosphate 8mg with aspirin 400mg tablets","Codeine Phosphate/Aspirin"
28784,"Codeine phosphate 8mg with aspirin 400mg tablets","Codeine Phosphate/Aspirin"
24309,"Paracetamol 120mg with aspirin 165.3mg & caffeine 60mg powder",Caffeine
23878,"Nu-seals cardio ec 75mg Gastro-resistant tablet (Genus Pharmaceuticals Ltd)",Aspirin
23878,"Nu-seals cardio ec 75mg Gastro-resistant tablet (Genus Pharmaceuticals Ltd)",Aspirin
10031,"Aspirin 25mg with Dipyridamole 200mg modified-release capsules",Dipyridamole/Aspirin
10031,"Aspirin 25mg with Dipyridamole 200mg modified-release capsules",Dipyridamole/Aspirin
31858,"Caspac xl 162.5mg Capsule (Pharmacia Ltd)",Aspirin
31858,"Caspac xl 162.5mg Capsule (Pharmacia Ltd)",Aspirin
39738,"Aspirin 162.5mg modified-release capsules",Aspirin
39738,"Aspirin 162.5mg modified-release capsules",Aspirin
43679,"Flamasacard 162.5mg Modified-release capsule (Abbey Pharmaceuticals Ltd)",Aspirin
43679,"Flamasacard 162.5mg Modified-release capsule (Abbey Pharmaceuticals Ltd)",Aspirin
52280,"Aspirin 300mg Tablet (Wockhardt UK Ltd)",Aspirin
19577,"NU-SEALS ASPIRIN",NA
19674,"NU-SEALS ASPIRIN",NA
19797,"NU-SEALS ASPIRIN",NA
19813,"NU-SEALS ASPIRIN",NA
23495,"NU-SEALS ASPIRIN",NA
75489,"NU-SEALS ASPIRIN",NA
75591,"NU-SEALS ASPIRIN",NA
75916,"NU-SEALS ASPIRIN",NA
76416,"NU-SEALS ASPIRIN",NA
76572,"NU-SEALS ASPIRIN",NA
77265,"NU-SEALS ASPIRIN",NA
77433,"NU-SEALS ASPIRIN",NA
77623,"NU-SEALS ASPIRIN",NA
78623,"NU-SEALS ASPIRIN",NA
79389,"NU-SEALS ASPIRIN",NA
79812,"NU-SEALS ASPIRIN",NA
80356,"NU-SEALS ASPIRIN",NA
80481,"NU-SEALS ASPIRIN",NA
80662,"NU-SEALS ASPIRIN",NA
80766,"NU-SEALS ASPIRIN",NA
80839,"NU-SEALS ASPIRIN",NA
81427,"NU-SEALS ASPIRIN",NA
81574,"NU-SEALS ASPIRIN",NA
81756,"NU-SEALS ASPIRIN",NA
83401,"NU-SEALS ASPIRIN",NA
84392,"NU-SEALS ASPIRIN",NA
84747,"NU-SEALS ASPIRIN",NA
84784,"NU-SEALS ASPIRIN",NA
84924,"NU-SEALS ASPIRIN",NA
85163,"NU-SEALS ASPIRIN",NA
85356,"NU-SEALS ASPIRIN",NA
